{"cameraMode":{"drawMode":0,"name":"Shaded","section":"Shading Mode"},"sceneLighting":true,"audioPlay":false,"sceneViewState":{"m_AlwaysRefresh":false,"showFog":true,"showSkybox":true,"showFlares":true,"showImageEffects":true,"showParticleSystems":true,"showVisualEffectGraphs":true,"m_FxEnabled":true},"in2DMode":false,"pivot":{"x":313.81402587890627,"y":133.56829833984376,"z":-540.5794067382813},"rotation":{"x":0.04617510735988617,"y":-0.004529622849076986,"z":-0.00021339270460885018,"w":-0.998944103717804},"size":0.9457213878631592,"orthographic":false}